<?xml version="1.0" encoding="UTF-8"?>
<project-private xmlns="http://www.netbeans.org/ns/project-private/1">
    <editor-bookmarks xmlns="http://www.netbeans.org/ns/editor-bookmarks/2" lastBookmarkId="0"/>
    <open-files xmlns="http://www.netbeans.org/ns/projectui-open-files/2">
        <group>
            <file>file:/Users/ricardomochila/Desktop/University/6º%20Semestre/S02/Trabalho1/src/trabalho1/FileSaving.java</file>
            <file>file:/Users/ricardomochila/Desktop/University/6º%20Semestre/S02/Trabalho1/src/trabalho1/Client.java</file>
            <file>file:/Users/ricardomochila/Desktop/University/6º%20Semestre/S02/Trabalho1/src/trabalho1/FileSavingInterface.java</file>
        </group>
    </open-files>
</project-private>
